Laufende Nummer;Bildnummer;Sammlungsbereich;Hauptgruppe;Inventar-Nr.;OBJEKTGRUPPE_Objektbezeichnung;OBJEKTGRUPPE_Objektbezeichnung_Pfad im Thesaurus (autom.);Beschreibung des Gegenstandes;Abgebildete Institution;Abgebildeter Ort;HERSTELLUNG_KÜNSTLER/HERSTELLER_Typ (Person|Werkstatt);HERSTELLUNG_KÜNSTLER/HERSTELLER_Name;HERSTELLUNG_KÜNSTLER/HERSTELLER_Rolle;Material;Alte Inv.-Nr.(MfGSL);Rapport-Nr.;Stückzahl;EINLIEFERUNG_Schlagwort;Schlagwort-Gruppe_Schlagwort;HERSTELLUNG_DATIERUNG_Datierung verbal;HERSTELLUNG_DATIERUNG_Datierung Midas (autom.);HERSTELLUNG_DATIERUNG_Datierung Anfang (autom.);HERSTELLUNG_DATIERUNG_Datierung Ende (autom.);Technik;Maße;Abgebildeter Gegenstand;Alte Inv.-Nr.(GDM);Abgebildetes Ereignis;Erwähntes Ereignis;Objekttitel;HERSTELLUNG_Herstellungsort;Bearbeiter;Abgebildete Person;Dargestellte Zeit;Erwähnte Institution;Untergruppe;Weitere Inventar-Nr.;Erwähnte Person;ZUSATZMEDIEN_Medienart;ZUSATZMEDIEN_Ablage;ZUSATZMEDIEN_DATEINAME;Kategorie der Darstellung;URL;﻿Archivsignatur
S0007428;S0007428;Fotothek;Positive;5745;Fotografie;Graphik-Photographie » Photographie » Fotografie;Nonnenmühlgasse - Rocca`s Haus, Voigtländer;Rocca`s Haus;Nonnenmühlgasse;"Werkstatt;Werkstatt";"Vogel, Hermann;Vogel, Hermann (Kunsthandlung)";"Fotograf;Verleger";Fotopapier;;;;;;;;;;;;;;;;;;;;;;;;;;;;;https://speicherwolke.uni-leipzig.de/index.php/s/Mun52I4EYKuVldn?path=%2Fimages_thumbnails#/images_thumbnails/S0007428.jpg;S0007428
BB045241;BB045241;Fotothek;Negative;F/6422/2005;Negativ;;"Markt, West- und Nordbebauung, mit Siegesdenkmal; um 1903.";;"Siegesdenkmal;Markt";Person;Vogel, Hermann;Fotograf;Glas;1263;Rp.89.27;1;Platz;"Bauensemble;Denkmal";1903 (um);1898/1908;1898;1908;"Negativ;s/w";18x24;;;;;;;;;;;;;;;;;;https://speicherwolke.uni-leipzig.de/index.php/s/Mun52I4EYKuVldn?path=%2Fimages_thumbnails#/images_thumbnails/bb045241.jpg;BB045241
BB045322;BB045322;Fotothek;Negative;F/6532/2005;Negativ;;"Johannapark, Teichanlage, Hintergrund Katholische Kirche; um 1920.";Kirche, Katholische;"Johannapark;Rudolphstraße";Person;Vogel, Hermann;Fotograf;Glas;1869;Rp.89.27;1;;"Johannapark;Teich;Parkanlage;stehendes Gewässer;Kirche";1920 (um);1915/1925;1915;1925;"Negativ;s/w";18x24;;;;;;;;;;;;;;;;;;https://speicherwolke.uni-leipzig.de/index.php/s/Mun52I4EYKuVldn?path=%2Fimages_thumbnails#/images_thumbnails/bb045322.jpg;BB045322
S0008298;S0008298;Fotothek;Positive;5528 b;Fotografie;Graphik-Photographie » Photographie » Fotografie;Roßplatz - Hotel de Prusse, Café Bauer;Hotel de Prusse, Café Bauer;Roßplatz;Werkstatt;Vogel, Hermann;Verlag;Fotopapier;;ohne;;;;;;;;;;;;;;;;;;;;;;;;;;;https://speicherwolke.uni-leipzig.de/index.php/s/Mun52I4EYKuVldn?path=%2Fimages_thumbnails#/images_thumbnails/S0008298.jpg;S0008298
BB045645;BB045645;Fotothek;Negative;F/6624/2005;Fotografie;Graphik-Photographie » Photographie » Fotografie;"Augustusplatz, Museum der bildenden Künste; Skulpturensaal; um 1905.";Museum der bildenden Künste;"Skulpturensaal;Augustusplatz";Person;Vogel, Hermann;Fotograf;Glas;1828;Rp.89.27;1;;"Museum;Innenraum";1905 (um);1900/1910;1900;1910;"Negativ;s/w";18x24;;;;;;;;;;;;;;;;;;https://speicherwolke.uni-leipzig.de/index.php/s/Mun52I4EYKuVldn?path=%2Fimages_thumbnails#/images_thumbnails/bb045645.jpg;BB045645
BB045625;BB045625;Fotothek;Negative;F/6511/2005;Fotografie;Graphik-Photographie » Photographie » Fotografie;"Augustusplatz, Mendebrunnen, Neues Theater, Hauptpostamt; um 1905.";"Hauptpostamt, Altes;Theater, Neues";"Mendebrunnen;Augustusplatz 3";Person;Vogel, Hermann;Fotograf;Glas;1763;Rp.89.27;1;;"Platz;Brunnen;Spielstätte;Postamt";1905 (um);1900/1910;1900;1910;"Negativ;s/w";18x24;;;;;;;;;;;;;;;;;;https://speicherwolke.uni-leipzig.de/index.php/s/Mun52I4EYKuVldn?path=%2Fimages_thumbnails#/images_thumbnails/bb045625.jpg;BB045625
BB046561;BB046561;Fotothek;Negative;F/3990/2005;Negativ;;"Fotografie s/w, Augustusplatz, Augusteum, Pauliner Kirche und Café Francais; um 1890.";"Augusteum;Café Francais;Paulinerkirche";Augustusplatz;Person;Vogel, Hermann;Fotograf;Glas;6561;Rp.89/1927;1;;"Universität;Kirche;Gaststätte";1890 (um);1885/1895;1885;1895;"Negativ;s/w";13 x 18 cm;Mendebrunnen;;;;;;;;;;;;;;;;;https://speicherwolke.uni-leipzig.de/index.php/s/Mun52I4EYKuVldn?path=%2Fimages_thumbnails#/images_thumbnails/bb046561.jpg;BB046561
BB045629;BB045629;Fotothek;Negative;F/6515/2005;Fotografie;Graphik-Photographie » Photographie » Fotografie;"Augustusplatz, Museum der bildenden Künste; um 1907.";Museum der bildenden Künste;Augustusplatz 6;Person;Vogel, Hermann;Fotograf;Glas;1767;Rp.89.27;1;;Museum;1907 (um);1902/1912;1902;1912;"Negativ;s/w";18x24;;;;;;;;;;;;;;;;;;https://speicherwolke.uni-leipzig.de/index.php/s/Mun52I4EYKuVldn?path=%2Fimages_thumbnails#/images_thumbnails/bb045629.jpg;BB045629
BB046331;BB046331;Fotothek;Negative;F/3750/2005;Negativ;;"Grimmaische Straße mit Erker des Fürstenhauses; um 1895.";Fürstenhaus;Grimmaische Straße;Person;Vogel, Hermann;Fotograf;Glas;1214;Rp.89.27;1;;"Bürgerhaus;Geschäftshaus;Schmuckelement;Straßenzug";1895 (um);1890/1900;1890;1900;"Negativ;s/w";13x18;;;;;;;;;;;;;;;;;;https://speicherwolke.uni-leipzig.de/index.php/s/Mun52I4EYKuVldn?path=%2Fimages_thumbnails#/images_thumbnails/bb046331.jpg;BB046331
BB046541;BB046541;Fotothek;Negative;F/3877/2005;Negativ;;"Petersstraße Nr. 26-34; links Restaurant 'Drei Könige'; um 1905.";Gaststätte Drei Könige;Petersstraße;Person;Vogel, Hermann;;Glas;1350;Rp.89.27;1;;"Bauensemble;Gaststätte;Messehaus";1905 (um);1900/1910;1900;1910;"Negativ;s/w";13x18;;/;Messe;;;;;;;;;;;;;;;https://speicherwolke.uni-leipzig.de/index.php/s/Mun52I4EYKuVldn?path=%2Fimages_thumbnails#/images_thumbnails/bb046541.jpg;BB046541
BB046391;BB046391;Fotothek;Negative;F/3751/2005;Negativ;;"Rosental, Aschenberg (Scherbelberg) mit Holz-Aussichtsturm; um 1900.";Holz-Aussichtsturm;"Gohlis;Rosentalweg;Scherbelberg";Person;Vogel, Hermann;Fotograf;Glas;1215;Rp.89.27;1;;"Rosental;Baudenkmal";1900 (um);1895/1905;1895;1905;"Negativ;s/w";13x18;;;;Einweihung Aussichtsturm 22.06.1896;;;;;;;;;;;;;;https://speicherwolke.uni-leipzig.de/index.php/s/Mun52I4EYKuVldn?path=%2Fimages_thumbnails#/images_thumbnails/bb046391.jpg;BB046391
BB046581;BB046581;Fotothek;Negative;F/4027/2005;Negativ;;"Markgrafenstraße; Modehaus Polich, rechts Deutsche Reichsbank, Eingang Petersstraße; um 1890";"Modehaus Polich;Deutsche Reichsbank";"Markgrafenstraße 2;Petersstraße";Person;Vogel, Hermann;Fotograf;Glas;1488;Rp.89.27;1;;"Kaufhaus;Bank;Straßenzug";1890 (um);1885/1895;1885;1895;"Negativ;s/w";13x18;;/;;;;;;;;;;;;;;;;https://speicherwolke.uni-leipzig.de/index.php/s/Mun52I4EYKuVldn?path=%2Fimages_thumbnails#/images_thumbnails/bb046581.jpg;BB046581
BB046549;BB046549;Fotothek;Negative;F/3977/2005;Negativ;;"Theaterplatz, Altes Theater, Südseite; um 1895.";Theater, Altes;Theaterplatz;Person;Vogel, Hermann;Fotograf;Glas;1461;Rp.89.27;1;;"Spielstätte;Theater";1895 (um);1890/1900;1890;1900;"Negativ;s/w";13x18;;/;;;;;;;;;;;;;;;;https://speicherwolke.uni-leipzig.de/index.php/s/Mun52I4EYKuVldn?path=%2Fimages_thumbnails#/images_thumbnails/bb046549.jpg;BB046549
BB046545;BB046545;Fotothek;Negative;F/3973/2005;Negativ;;"Nonnenmühlgasse Nr. 5; Vegetarische Speiseanstalt 'Thalysia'; um 1895.";Vegetarische Speiseanstalt 'Thalysia';Nonnenmühlgasse 5;Person;Vogel, Hermann;Fotograf;Glas;1457;Rp.89.27;1;;Gaststätte;1895 (um);1890/1900;1890;1900;"Negativ;s/w";13x18;;/;;;;;;;;;;;;;;;;https://speicherwolke.uni-leipzig.de/index.php/s/Mun52I4EYKuVldn?path=%2Fimages_thumbnails#/images_thumbnails/bb046545.jpg;BB046545
BB046634;BB046634;Fotothek;Negative;F/4165/2005;Negativ;;"König Albert-Park, Sächsisch-Thüringische Gewerbeausstellung, Eingang; 1897.";;König Albert-Park;Person;Vogel, Hermann;Fotograf;Glas;1884;Rp.89.27;1;;"König Albert-Park;Ausstellung;Tor";1897;1897/1897;1897;1897;"Negativ;s/w";13x18;;;Sächsisch-Thüringische Gewerbeausstellung;;;;;;;;;;;;;;;https://speicherwolke.uni-leipzig.de/index.php/s/Mun52I4EYKuVldn?path=%2Fimages_thumbnails#/images_thumbnails/bb046634.jpg;BB046634
BB046649;BB046649;Fotothek;Negative;F/4168/2005;Negativ;;Fotografie s/w, Radrennbahn, Freiballonfahrten, 18. und 19. Jun 1905;;"Rennbahn für Radfahrer;Frankfurter Straße;Sportplatz Gabelwiese";Person;Vogel, Hermann;Fotograf;Glas;1887;Rp.89/1927;1;;Sport;1910.06.18;1910/1910;1910;1910;"Negativ;s/w";13 x 18 cm;;;Freiballonfahrten;;Nationale Ballonwettfahrt;Leipzig;;;;;;;;;;;;https://speicherwolke.uni-leipzig.de/index.php/s/Mun52I4EYKuVldn?path=%2Fimages_thumbnails#/images_thumbnails/bb046649.jpg;BB046649
BB046407;BB046407;Fotothek;Negative;F/3968/2005;Negativ;;"Thüringer Bahnhof, von der Blücherstraße aus; um 1895.";Thüringischer Bahnhof;Blücherstraße 37;Person;Vogel, Hermann;Fotograf;Glas;1452b;Rp.89.27;1;;Bahnhof;1895 (um);1890/1900;1890;1900;"Negativ;s/w";13x18;;/;;;;;;;;;;;;;;;;https://speicherwolke.uni-leipzig.de/index.php/s/Mun52I4EYKuVldn?path=%2Fimages_thumbnails#/images_thumbnails/bb046407.jpg;BB046407
BB046528;BB046528;Fotothek;Negative;F/3862/2005;Negativ;;"Roßplatz mit Panorama und Kleinmesse; um 1900.";;Roßplatz 5;Person;Vogel, Hermann;Fotograf;Glas;1334;Rp.89.27;1;;Messe <Wirtschaft>;1905;1905/1905;1905;1905;Negativ;13 x 18 cm;;;Kleinmesse;;;Leipzig;;;;;;;;;;;;https://speicherwolke.uni-leipzig.de/index.php/s/Mun52I4EYKuVldn?path=%2Fimages_thumbnails#/images_thumbnails/bb046528.jpg;BB046528
BB045331;BB045331;Fotothek;Negative;F/6543/2005;Negativ;;Vermessungsarbeiten im Karl-Heine-Kanal, Hintergrund Saalfelder Brücke und Saalfelder Straße 8, 1905.;;"Saalfelder Straße;3Karl-Heine-Kanal;Saalfelder Brücke";Person;Vogel, Hermann;Fotograf;Glas;1943c;Rp.89/1927;1;;"Karl-Heine-Kanal;Brücke;Karl-Heine-Kanal";1890 (um);1885/1895;1885;1895;"Negativ;Schwarz-Weiß-Fotografie";18 x 24 cm;;;;;Vermessungsarbeiten im Karl-Heine-Kanal, Hintergrund Saalfelder Brücke und Saalfelder Straße 8, 1905.;;;;;;;;;;;;;https://speicherwolke.uni-leipzig.de/index.php/s/Mun52I4EYKuVldn?path=%2Fimages_thumbnails#/images_thumbnails/BB045331.jpg;BB045331
S0004701;S0004701;Fotothek;Positive;2535;Fotografie;Graphik-Photographie » Photographie » Fotografie;Brühl;;Brühl 3;Werkstatt;Vogel, Hermann;Verlag;"Fotopapier;Karton";;;;;;;;;;Fotografie;17 x 11 cm;;;;;;;"Lange (Eingabe);Steppat (Korr.)";;;;;;;;;;;https://speicherwolke.uni-leipzig.de/index.php/s/Mun52I4EYKuVldn?path=%2Fimages_thumbnails#/images_thumbnails/S0004701.jpg;S0004701
BB045630;BB045630;Fotothek;Negative;F/6517/2005;Fotografie;Graphik-Photographie » Photographie » Fotografie;"Grimmaische Straße; Salamander-Haus, Messehaus 'Hansahaus', Warenhaus M. Schneider, Messehaus 'Reichshof', Messehaus 'Handelshof', um 1917.";"Messehaus 'Handelshof';Messehaus 'Reichshof';Warenhaus; M.Schneider;Messehaus Hansahaus;Salamander-Haus";"Reichsstraße 2;Grimmaische Straße 1-15";Person;Vogel, Hermann;Fotograf;Glas;1769;Rp.89.27;1;;"Geschäftshaus;Messehaus;Kaufhaus;Messehaus";1917 (um);1912/1922;1912;1922;"Negativ;s/w";24x18;;;;;;;;;;;;;;;;;;https://speicherwolke.uni-leipzig.de/index.php/s/Mun52I4EYKuVldn?path=%2Fimages_thumbnails#/images_thumbnails/bb045630.jpg;BB045630
BB045266;BB045266;Fotothek;Negative;F/6393/2005;Negativ;;"Reichsgericht; Vordergrund Tauchnitz-Brücke und Pleiße, rechts Villa Vogel, um 1910.";Reichsgericht;"Tauchnitz-Brücke;Reichsgerichtsplatz;Karl-Tauchnitz-Straße;Wächterstraße 30";Person;Vogel, Hermann;Fotograf;Glas;1245;Rp.89.27;1;;Gericht;1900 (um);1895/1905;1895;1905;"Negativ;s/w";18x24;;;;;;;;;;;;;;;;;;https://speicherwolke.uni-leipzig.de/index.php/s/Mun52I4EYKuVldn?path=%2Fimages_thumbnails#/images_thumbnails/bb045266.jpg;BB045266
BB045226;BB045226;Fotothek;Negative;F/6427/2005;Negativ;;"Blücherplatz, Neue Börse mit Börsenrestaurant, rechts Hotel 'Börse' und Gebäude des Kreditvereins; nach 1902.";"Hotel 'Börse';Bank;Börse, Neue";"Blücherplatz;Packhofstraße 2-4";Person;Vogel, Hermann;Fotograf;Glas;1268;Rp.89.27;1;;"Platz;Börse;Gaststätte Hotel;Bank";1902 (nach);1902/1912;1902;1912;"Negativ;s/w";18x24;;;;;;;;;;;;;;;;;;https://speicherwolke.uni-leipzig.de/index.php/s/Mun52I4EYKuVldn?path=%2Fimages_thumbnails#/images_thumbnails/bb045226.jpg;BB045226
BB046475;BB046475;Fotothek;Negative;F/3912/2005;Negativ;;"Reichsstraße; 'Burgkeller', Gaststätteninnenraum im Keller; um 1900.";Burgkeller;"Reichsstraße 5;Naschmarkt";Person;Vogel, Hermann;Fotograf;Glas;1381;Rp.89.27;1;;"Gaststätte;Innenraum";1900 (um);1895/1905;1895;1905;"Negativ;s/w";13x18;;;;;;;;;;;;;;;;;;https://speicherwolke.uni-leipzig.de/index.php/s/Mun52I4EYKuVldn?path=%2Fimages_thumbnails#/images_thumbnails/bb046475.jpg;BB046475
BB046592;BB046592;Fotothek;Negative;F/4033/2005;Negativ;;"Wintergartenstraße, Krystallpalast mit Alberthalle und Garten; um 1900.";"Krystallpalast;Alberthalle";"Wintergartenstraße;Garten";Person;Vogel, Hermann;Fotograf;Glas;1493b;Rp.89.27;1;;"Gesellschaftshaus;Gaststätte;Garten";1900 (um);1895/1905;1895;1905;"Negativ;s/w";13x18;;/;;;;;;;;;;;;;;;;https://speicherwolke.uni-leipzig.de/index.php/s/Mun52I4EYKuVldn?path=%2Fimages_thumbnails#/images_thumbnails/bb046592.jpg;BB046592
S0003410;S0003410;Fotothek;Positive;F/18/2001;Fotografie;Graphik-Photographie » Photographie » Fotografie;Café Francais, Eingang in die Grimmaische Straße, Blick vom Augustusplatz;Café Francais;"Augustusplatz;Grimmaische Straße";Werkstatt;Vogel, Hermann;Verleger;"Fotopapier;Pappe";;"Rp.27.82;Rp.27.82";;;;1898 (vor);1888/1898;1888;1898;Fotografie;"H: 7 cm;B: 10,5 cm";;;;;;Leipzig;;;;;;;;;;;;https://speicherwolke.uni-leipzig.de/index.php/s/Mun52I4EYKuVldn?path=%2Fimages_thumbnails#/images_thumbnails/S0003410.jpg;S0003410
BB046568;BB046568;Fotothek;Negative;F/4016/2005;Negativ;;"Augustusplatz, mit Mendebrunen, Augusteum, Paulinerkirche; Café Francais; Geschäftshaus Röper; um 1890.";"Augusteum;Paulinerkirche;Café Francais;Konfektionshaus; Röper";"Augustusplatz;Goethestraße 1;Mendebrunnen";Person;Vogel, Hermann;Fotograf;Glas;1476;Rp.89.27;1;;"Brunnen;Universität;Kirche;Gaststätte;Geschäftshaus";1890 (um);1885/1895;1885;1895;"Negativ;s/w";13x18;;/;;;;;;;;;;;;;;;;https://speicherwolke.uni-leipzig.de/index.php/s/Mun52I4EYKuVldn?path=%2Fimages_thumbnails#/images_thumbnails/bb046568.jpg;BB046568
BB046633;BB046633;Fotothek;Negative;F/4166/2005;Negativ;;"König Albert-Park, Sächsisch-Thüringische Gewerbeausstellung, Kaiserpavillon; 1897.";;König Albert-Park;Person;Vogel, Hermann;Fotograf;Glas;1885;Rp.89.27;1;;"König Albert-Park;Ausstellung;Pavillon";1897;1897/1897;1897;1897;"Negativ;s/w";13x18;Kaiserpavillon;;Sächsisch-Thüringische Gewerbeausstellung;;;;;;;;;;;;;;;https://speicherwolke.uni-leipzig.de/index.php/s/Mun52I4EYKuVldn?path=%2Fimages_thumbnails#/images_thumbnails/bb046633.jpg;BB046633
BB046685;BB046685;Fotothek;Negative;F/4241/2005;Negativ;;"Wintergartenstraße, Krystallpalast mit Trianongarten; um 1905.";Krystallpalast;"Trianongarten;Wintergartenstraße 17/19";Person;Vogel, Hermann;Fotograf;Glas;2109;Rp.89.27;1;;"Gesellschaftshaus;Garten";1905 (um);1900/1910;1900;1910;"Negativ;s/w";13x18;;;;;;;;;;;;;;;;;;https://speicherwolke.uni-leipzig.de/index.php/s/Mun52I4EYKuVldn?path=%2Fimages_thumbnails#/images_thumbnails/bb046685.jpg;BB046685
BB046564;BB046564;Fotothek;Negative;F/4012/2005;Negativ;;"Brühl, Ecke Plauensche Straße; Café Gesswein, um 1910.";"Café Gesswein;Goldener Apfel";"Brühl 21;Plauensche Straße";Person;Vogel, Hermann;Fotograf;Glas;1473;Rp.89.27;;;"Gaststätte;Straßenzug";1910 (um);1905/1915;1905;1915;"Negativ;s/w";13x18;;;;;;;;;;;;;;;;;;https://speicherwolke.uni-leipzig.de/index.php/s/Mun52I4EYKuVldn?path=%2Fimages_thumbnails#/images_thumbnails/bb046564.jpg;BB046564
BB046500;BB046500;Fotothek;Negative;F/3896/2005;Negativ;;"Grimmaische Straße, Auerbachs Hof u.a. mit Bankgeschäft Steinmüller und Messeausstellern; um 1900.";Auerbachs Hof;Grimmaische Straße 2;Person;Vogel, Hermann;Fotograf;Glas;1362;Rp.89.27;1;;"Bürgerhaus;Innenhof";1900 (um);1895/1905;1895;1905;"Negativ;s/w";18x13;;;Messe;;;;;;;;;;;;;;;https://speicherwolke.uni-leipzig.de/index.php/s/Mun52I4EYKuVldn?path=%2Fimages_thumbnails#/images_thumbnails/bb046500.jpg;BB046500
BB046512;BB046512;Fotothek;Negative;F/3855/2005;Negativ;;"Frankfurter Straße, Lortzings Haus mit Garten; vor 1897.";Lortzings Haus;Frankfurter Straße 8;Person;Vogel, Hermann;Fotograf;Glas;1326;Rp.89.27;1;;"Große Funkenburg;Villa;Garten";1897 (vor);1887/1897;1887;1897;"Negativ;s/w";13x18;;/;;;;;;;;;;;;;;;;https://speicherwolke.uni-leipzig.de/index.php/s/Mun52I4EYKuVldn?path=%2Fimages_thumbnails#/images_thumbnails/bb046512.jpg;BB046512
BB046556;BB046556;Fotothek;Negative;F/3981/2005;Negativ;;"Markt, Altes Rathaus und Wochenmarkt, Hintergrund Alte Waage; um 1890.";"Rathaus, Altes;Waage, Alte";"Markt;Markt 1;Markt 4";Person;Vogel, Hermann;Fotograf;Glas;1464a;Rp.89.27;1;;"Platz;Rathaus;Geschäftshaus";1890 (um);1885/1895;1885;1895;"Negativ;s/w";13x18;;/;;;;;;;;;;;;;;;;https://speicherwolke.uni-leipzig.de/index.php/s/Mun52I4EYKuVldn?path=%2Fimages_thumbnails#/images_thumbnails/bb046556.jpg;BB046556
S0026306;S0026306;Fotothek;Positive;Doubl. 2072;Fotografie;Graphik-Photographie » Photographie » Fotografie;;Thomaskirchhof;;Werkstatt;Vogel,Hermann;Kunsthandlung;Fotopapier;;Rp.17.47;;;;;;;;;9 x 6 cm;Leibniz-Denkmal;;;;;Leipzig,Goethestrasse 2;;Leibniz;;;;;;;;;;https://speicherwolke.uni-leipzig.de/index.php/s/Mun52I4EYKuVldn?path=%2Fimages_thumbnails#/images_thumbnails/S0026306.jpg;S0026306
S0032600;S0032600;Fotothek;Positive;S/560/2003;Fotografie;Graphik-Photographie » Photographie » Fotografie;"Foto auf Pappe;Blick von Nord-Westen auf das Areal des Reichsgerichts (heute Bundesverwaltungsgericht)";;"Harkortstraße 6;Harkortstraße 15";Person;Vogel, Hermann;"Fotograf;Verleger";Fotopapier;;;;;;1888.10.31;1888/1888;1888;1888;;"19,1 x 24,5 cm (Pappe);16,6 x 21,6 cm (Foto)";;;Grundsteinlegung für das Reichsgericht;;;Leipzig;;;;;;;;;;;;https://speicherwolke.uni-leipzig.de/index.php/s/Mun52I4EYKuVldn?path=%2Fimages_thumbnails#/images_thumbnails/S0032600.jpg;S0032600
S0024478;S0024478;Fotothek;Positive;Doubl. 870;Fotografie;Graphik-Photographie » Photographie » Fotografie;Fotopapier auf Pappe, dargestellt ist die Nonnemühle, davor steht ein Pferdefuhrwerk, im Hintergrund die Thomaskirche sichtbar;"Nonnenmühle;Thomaskirche";;Werkstatt;Vogel,Hermann;Verlag;Fotopapier auf Pappe;;Rp.61/1941;;;;1890;1890/1890;1890;1890;;17 x 11 cm;"Pferdefuhrwerk;Wagen;Pferd";;;;Alte Nonnemühle;Leipzig;;;1890;Nonnenmühle;;;;;;;;https://speicherwolke.uni-leipzig.de/index.php/s/Mun52I4EYKuVldn?path=%2Fimages_thumbnails#/images_thumbnails/S0024478.jpg;S0024478
BB045243;BB045243;Fotothek;Negative;F/6420/2005;Negativ;;Fotografie, s/w, Markthallenstraße, Ecke Brüderstraße, Markthalle, um 1900. Im Turm befanden sich die Wassertanks für den hydraulischen Aufzug.;Markthalle;Markthallenstraße 1;Person;Vogel, Hermann;Fotograf;Glas;1261;Rp.89/1927;1;;Markthalle;1900 (um);1895/1905;1895;1905;"Negativ;s/w";24 x 18 cm;;;;;;Leipzig;;;;;;;;;;;;https://speicherwolke.uni-leipzig.de/index.php/s/Mun52I4EYKuVldn?path=%2Fimages_thumbnails#/images_thumbnails/bb045243.jpg;BB045243
BB045251;BB045251;Fotothek;Negative;F/6396/2005;Negativ;;"Königsplatz, Altes Grassimuseum; um 1905.";Grassimuseum, Altes;Königsplatz;Person;Vogel, Hermann;Fotograf;Glas;1249;Rp.89.27;1;;Museum;1905 (um);1900/1910;1900;1910;"Negativ;s/w";18x24;;;;;;;;;;;;;;;;;;https://speicherwolke.uni-leipzig.de/index.php/s/Mun52I4EYKuVldn?path=%2Fimages_thumbnails#/images_thumbnails/bb045251.jpg;BB045251
BB045235;BB045235;Fotothek;Negative;F/6446/2005;Negativ;;"Preußenstraße, Völkerschlachtdenkmal im Bau; um 1905.";Völkerschlachtdenkmal <Leipzig>;"Preußenstraße;Probstheida";Person;Vogel, Hermann;Fotgraf;Glas;1232a;Rp.89.27;1;;"Denkmal;Baustelle";1905 (um);1900/1910;1900;1910;"Negativ;s/w";18x24;;;;;;;;;;;;;;;;;;https://speicherwolke.uni-leipzig.de/index.php/s/Mun52I4EYKuVldn?path=%2Fimages_thumbnails#/images_thumbnails/bb045235.jpg;BB045235
BB046291;BB046291;Fotothek;Negative;F/3689/2005;Negativ;;"Hallesche Straße mit Viadukt und Königs Ziegelei; um 1905.";Ziegelei König;"Wahren;Viadukt;Hallesche Straße";Person;Robert Fölk;Fotograf;Glas;976;Rp.125.23;1;;"Straßenzug;Brücke;Gewerbebetrieb";1905 (um);1900/1910;1900;1910;"Negativ;s/w";13x18;;;;;;;;;;;;;;;;;;https://speicherwolke.uni-leipzig.de/index.php/s/Mun52I4EYKuVldn?path=%2Fimages_thumbnails#/images_thumbnails/bb046291.jpg;BB046291
S0006061;S0006061;Fotothek;Positive;5575;Fotografie;Graphik-Photographie » Photographie » Fotografie;;"Wasserkunst;Nonnenmühle";;"Person;Werkstatt";"Vogel, Hermann;Vogel, Hermann";"Fotograf;Verleger";Fotopapier;;;;;;;;;;;11 x 16, 8 cm;;;;;Die alte Nonnenmühle.;;;;;Nonnenmühle;;;;;;;;https://speicherwolke.uni-leipzig.de/index.php/s/Mun52I4EYKuVldn?path=%2Fimages_thumbnails#/images_thumbnails/S0006061.jpg;S0006061
BB047228;BB047228;Fotothek;Nachlässe;F/5348/2005;Negativ;;"Johannapark; Teich im Winter; Hintergrund Lutherkirche; um 1905.";Lutherkirche;"Johannaparkteich;Bismarckstraße 25";Person;Walter, Hermann;Fotograf;Glas;3103;Rp.8/1935;1;;"Johanna-Park;stehendes Gewässer;Parkanlage;Kirche";1905 (um);1900/1910;1900;1910;"Negativ;s/w";13x18;;;;;;;;Schlittschuhläufer;;;Hermann Walter Sammlung;;;;;;;https://speicherwolke.uni-leipzig.de/index.php/s/Mun52I4EYKuVldn?path=%2Fimages_thumbnails#/images_thumbnails/bb047228.jpg;BB047228
BB045623;BB045623;Fotothek;Negative;F/6485/2005;Fotografie;Graphik-Photographie » Photographie » Fotografie;"Augustusplatz, Augusteum; um 1900.";Augusteum;Augustusplatz 5;Person;Vogel, Hermann;Fotograf;Glas;1717;Rp.89.27;1;;Universität;1900 (um);1895/1905;1895;1905;"Negativ;s/w";18x24;;;;;;;;;;;;;;;;;;https://speicherwolke.uni-leipzig.de/index.php/s/Mun52I4EYKuVldn?path=%2Fimages_thumbnails#/images_thumbnails/bb045623.jpg;BB045623
S0021174;S0021174;Fotothek;Positive;Doubl. 71/1;Fotografie;Graphik-Photographie » Photographie » Fotografie;Altes Rathaus, Vorderansicht mit Markt;Rathaus, Altes;Markt 1;"Person;Werkstatt";"Vogel, Hermann;Vogel, Hermann";"Fotograf;Verlag";Fotopapier;;Rp.206/24;;;;1900;1900/1900;1900;1900;Fotografie;16 x 22 cm;Marktschirm;;;;Leipzig;;;;;;;;;;;;;https://speicherwolke.uni-leipzig.de/index.php/s/Mun52I4EYKuVldn?path=%2Fimages_thumbnails#/images_thumbnails/S0021174.jpg;S0021174
BB045336;BB045336;Fotothek;Negative;F/6482/2005;Negativ;;"Augustusplatz, Altes Hauptpostamt, Geschäftshaus Flinsch; um 1908.";"Hauptpostamt, Altes;Papierverlag; Ferdinand Flinsch";"Augustusplatz 2 u. 3;Augustusplatz";Person;Vogel, Hermann;Fotograf;Glas;1711;Rp.89.27;1;;"Postamt;Geschäftshaus;Platz";1908 (um);1903/1913;1903;1913;"Negativ;s/w";18x24;;;;;;;;;;;;;;;;;;https://speicherwolke.uni-leipzig.de/index.php/s/Mun52I4EYKuVldn?path=%2Fimages_thumbnails#/images_thumbnails/bb045336.jpg;BB045336
BB046563;BB046563;Fotothek;Negative;F/4014/2005;Negativ;;"Brühl; Straßenansicht, rechts Teilansicht Geschäftshaus Lomer, Rauchwaren; links 'Schwabes Hof'; um 1910.";"Rauchwaren; Lomer und Co.;Schwabes Hof";"Brühl;Brühl 42;Brühl 45";Person;Vogel, Hermann;Fotograf;Glas;1475;Rp.89.27;1;;"Straßenzug;Geschäftshaus";1910 (um);1905/1915;1905;1915;"Negativ;s/w";13x18;;/;;;;;;;;;;;;;;;;https://speicherwolke.uni-leipzig.de/index.php/s/Mun52I4EYKuVldn?path=%2Fimages_thumbnails#/images_thumbnails/bb046563.jpg;BB046563
BB046640;BB046640;Fotothek;Negative;F/4172/2005;Negativ;;"Promenadenanlagen, Schwanenteich im Winter; u, 1905.";;Schwanenteich;Person;Vogel, Hermann;Fotograf;Glas;1890;Rp.89.27;1;;"Promenadenanlagen;stehendes Gewässer;Parkanlage";1905 (um);1900/1910;1900;1910;"Negativ;s/w";13x18;;;;;;;;;;;;;;;;;;https://speicherwolke.uni-leipzig.de/index.php/s/Mun52I4EYKuVldn?path=%2Fimages_thumbnails#/images_thumbnails/bb046640.jpg;BB046640
BB046381;BB046381;Fotothek;Negative;F/3758/2005;Negativ;;"Pleißelandschaft mit Pfahlbauten im Leipziger Westen; um 1910.";;Pleiße;Person;Vogel, Hermann;Fotograf;"Papier;Film";1221;Rp.89.29;1;;"Pleiße;Wasserbauten;fließendes Gewässer";1910 (um);1905/1915;1905;1915;"Negativ;s/w";18x13;Pfahlbauten;;;;;;;;;;;;;;;;;https://speicherwolke.uni-leipzig.de/index.php/s/Mun52I4EYKuVldn?path=%2Fimages_thumbnails#/images_thumbnails/bb046381.jpg;BB046381
BB046393;BB046393;Fotothek;Negative;F/3744/2005;Negativ;;"Fotografie s/w, Petersstraße, rechts 'Central-Hotel', während der Messe; um 1905.";Central-Hotel;Petersstraße;Person;Vogel, Hermann;Fotograf;Glas;1209;Rp.89/1927;1;;"Strassenzug;Messe;Hotel";1905 (um);1900/1910;1900;1910;Negativ;18 x 13 cm;;;Messe;;;Leipzig;;;;;;F 1343;;;;;;https://speicherwolke.uni-leipzig.de/index.php/s/Mun52I4EYKuVldn?path=%2Fimages_thumbnails#/images_thumbnails/bb046393.jpg;BB046393
S0005402;S0005402;Kunst/Kunsthandwerk;Grafik;4451;Lichtdruck;Graphik-Photographie » Druckgraphik » Flachdrucke » Lichtdrucke » Lichtdruck;Johanniskirche;Johanniskirche;;Person;Vogel, Hermann;Fotograf;;;Rp.26/1912;;;;1894;1894/1894;1894;1894;;;;;;;;;;;;;Stadtansichten;;;;;;;https://speicherwolke.uni-leipzig.de/index.php/s/Mun52I4EYKuVldn?path=%2Fimages_thumbnails#/images_thumbnails/S0005402.jpg;S0005402
BB046498;BB046498;Fotothek;Negative;F/3895/2005;Negativ;;"Goethestraße, Theaterpassage mit Kunsthandlung Hermann Vogel; um 1905.";Kunsthandlung;"Theaterpassage;Goethestraße 2";Person;Vogel, Hermann;Fotograf;Glas;1361;Rp.89.27;1;;"Passage;Laden";1905 (um);1900/1910;1900;1910;"Negativ;s/w";18x13;;;;;;Leipzig;;;;;;;Vogel, Hermann;;;;;https://speicherwolke.uni-leipzig.de/index.php/s/Mun52I4EYKuVldn?path=%2Fimages_thumbnails#/images_thumbnails/bb046498.jpg;BB046498
BB046377;BB046377;Fotothek;Negative;F/3753/2005;Negativ;;Fotografie s/w, Frankfurter Wiesen, Kleinmesse, um 1907.;;Frankfurter Wiesen;Person;Vogel, Hermann;Fotograf;Glas;1217;Rp.89/1929;1;;Messe <Wirtschaft>;1905;1905/1905;1905;1905;"Negativ;s/w";13 x 18 cm;;;Kleinmesse;;;Leipzig;;;;;;;;"Festplatte Dauerausstellung;Bilddatenbank";Cumulus;"bb046377.tif;bb046377_H";;https://speicherwolke.uni-leipzig.de/index.php/s/Mun52I4EYKuVldn?path=%2Fimages_thumbnails#/images_thumbnails/bb046377.jpg;BB046377
BB046555;BB046555;Fotothek;Negative;F/3982/2005;Negativ;;"Markt, Altes Rathaus und Wochenmarkt, links Siegesdenkmal; um 1890.";"Rathaus, Altes;Siegesdenkmal";Markt;Person;Vogel, Hermann;Fotograf;Glas;1464b;Rp.89.27;1;;"Platz;Rathaus;Denkmal";1890 (um);1885/1895;1885;1895;"Negativ;s/w";13x18;;/;;;;;;;;;;;;;;;;https://speicherwolke.uni-leipzig.de/index.php/s/Mun52I4EYKuVldn?path=%2Fimages_thumbnails#/images_thumbnails/bb046555.jpg;BB046555
BB046567;BB046567;Fotothek;Negative;F/4145/2005;Negativ;;"Augustusplatz, Paulinerkirche, Café Francais, Geschäftshaus Röper, Hintergrund Turm Nikolaikirche; um 1890.";"Nikolaikirche;Konfektionshaus; Röper;Pauliner-Kirche";"Augustusplatz;Nikolaikirchhof";Person;Vogel, Hermann;Fotograf;Glas;1476b;Rp.89.27;1;;"Kirche;Platz;Gaststätte;Geschäftshaus";1890 (um);1885/1895;1885;1895;"Negativ;s/w";13x18;;;;;;;;;;;;;;;;;;https://speicherwolke.uni-leipzig.de/index.php/s/Mun52I4EYKuVldn?path=%2Fimages_thumbnails#/images_thumbnails/bb046567.jpg;BB046567
BB046639;BB046639;Fotothek;Negative;F/4160/2005;Negativ;;Mühlgraben, Pfahlbaurestaurant 'Wassergott', um 1905.;Restaurant 'Wassergott';;Person;Vogel, Hermann;Fotograf;Glas;1879;Rp.89.27;1;;"Mühlgraben;Gaststätte;fließendes Gewässer";1905 (um);1900/1910;1900;1910;"Negativ;s/w";13x18;;;;;;;;;;;;;;;;;;https://speicherwolke.uni-leipzig.de/index.php/s/Mun52I4EYKuVldn?path=%2Fimages_thumbnails#/images_thumbnails/bb046639.jpg;BB046639
S0009523;S0009523;Fotothek;Positive;4317;Fotografie;Graphik-Photographie » Photographie » Fotografie;"Johanniskirche;Blick nach dem Altar";Johanniskirche;;Person;Vogel, Hermann;Fotograf;Fotopapier;;Rp.43/23;;;;;;;;;16,5 x 23 cm;Altar;;;;;;;;;;;;;;;;;https://speicherwolke.uni-leipzig.de/index.php/s/Mun52I4EYKuVldn?path=%2Fimages_thumbnails#/images_thumbnails/S0009523.jpg;S0009523
BB045313;BB045313;Fotothek;Negative;F/6638/2005;Negativ;;"Universitätsstraße Nr.10, Geschäftshaus; um 1895.";Geschäftshaus;Universitätsstraße 10;Person;Vogel, Hermann;Fotograf;Glas;1842;Rp.89.27;1;;Geschäftshaus;1895 (um);1890/1900;1890;1900;"Negativ;s/w";18x24;;;;;;;;;;;;;;;;;;https://speicherwolke.uni-leipzig.de/index.php/s/Mun52I4EYKuVldn?path=%2Fimages_thumbnails#/images_thumbnails/bb045313.jpg;BB045313
BB045652;BB045652;Fotothek;Negative;F/6631/2005;Fotografie;Graphik-Photographie » Photographie » Fotografie;"Augustusplatz; Pauliner-Kirche; um 1900.";Pauliner-Kirche;Augustusplatz;Person;Vogel, Hermann;Fotograf;Glas;1835;Rp.89.27;1;;Kirche;1900 (um);1895/1905;1895;1905;"Negativ;s/w";24x18;;;;;;;;;;;;;;;;;;https://speicherwolke.uni-leipzig.de/index.php/s/Mun52I4EYKuVldn?path=%2Fimages_thumbnails#/images_thumbnails/bb045652.jpg;BB045652
BB045333;BB045333;Fotothek;Negative;F/6478/2005;Negativ;;"Augustusplatz Nr.1, Geschäftshaus Gebr. Becker; um 1900.";Geschäftshaus Gebr. Becker;Augustusplatz 1;Person;Vogel, Hermann;Fotograf;Glas;1707;Rp.89.27;1;;"Geschäftshaus;Mehrfamilienhaus";1900 (um);1895/1905;1895;1905;"Negativ;s/w";18x24;;;;;;;;;;;;;;;;;;https://speicherwolke.uni-leipzig.de/index.php/s/Mun52I4EYKuVldn?path=%2Fimages_thumbnails#/images_thumbnails/bb045333.jpg;BB045333
BB045636;BB045636;Fotothek;Negative;F/6520/2005;Mägde-Brunnen mit Häuserhintergrund.;;"Roßplatz, Mägde-Brunnen, links Hotel Wartburg; um 1910.";Hotel 'Wartburg';"Mägde-Brunnen;Roßplatz 10";Person;Vogel, Hermann;Fotograf;Glas;1772;Rp.89.27;1;;Hotel;1910 (um);1905/1915;1905;1915;"Negativ;s/w";24x18;;;;;;;;;;;;;;;;;;https://speicherwolke.uni-leipzig.de/index.php/s/Mun52I4EYKuVldn?path=%2Fimages_thumbnails#/images_thumbnails/bb045636.jpg;BB045636
BB046582;BB046582;Fotothek;Negative;F/4026/2005;Negativ;;"Charlottenhof mit Gondelteich und Restaurant; um 1900.";;"Friesenstraße;Charlottenhof;Gondelteich";Person;Vogel, Hermann;Fotograf;Glas;1487;Rp.89.27;1;;"Gaststätte;stehendes Gewässer";1900 (um);1895/1905;1895;1905;"Negativ;s/w";13x18;;/;;;;;;;;;;;;;;;;https://speicherwolke.uni-leipzig.de/index.php/s/Mun52I4EYKuVldn?path=%2Fimages_thumbnails#/images_thumbnails/bb046582.jpg;BB046582
BB046340;BB046340;Fotothek;Negative;F/3741/2005;Negativ;;"Hauptstraße, Schillerhaus; um 1895.";Schillerhaus;Hauptstraße 18;Person;Vogel, Hermann;Fotograf;Glas;1206;Rp.89.27;1;;"Schillerhaus;Baudenkmal";1885 (um);1880/1890;1880;1890;"Negativ;s/w";13x18;;;;;;;;;;;;;;;;;;https://speicherwolke.uni-leipzig.de/index.php/s/Mun52I4EYKuVldn?path=%2Fimages_thumbnails#/images_thumbnails/bb046340.jpg;BB046340
BB046384;BB046384;Fotothek;Negative;F/3773/2005;Negativ;;"Grassistraße, Mendelssohn-Denkmal, Hintergrund Universitätsbibliothek; um 1910.";Universitätsbibliothek;"Grassistraße;Beethovenstraße 6";Person;Vogel, Hermann;Fotograf;Glas;1226;Rp.89.27;1;;"Musik;Denkmal;Universität";1910 (um);1905/1915;1905;1915;"Negativ;s/w";18x13;Mendelssohn-Denkmal;;;;;;;Mendelssohn Bartholdy, Felix;;;;;;;;;;https://speicherwolke.uni-leipzig.de/index.php/s/Mun52I4EYKuVldn?path=%2Fimages_thumbnails#/images_thumbnails/bb046384.jpg;BB046384
BB046562;BB046562;Fotothek;Negative;F/4011/2005;Negativ;;"Königsplatz, Warenhaus Ury Gebrüder, Café Royal; 1897.";"Café Royal;Warenhaus; Ury Gebrüder";Königsplatz 15;Person;Vogel, Hermann;Fotograf;Glas;1472;Rp.89.27;1;;"Kaufhaus;Gaststätte";1897;1897/1897;1897;1897;"Negativ;s/w";18x13;;/;;;;;;;;;;;;;;;;https://speicherwolke.uni-leipzig.de/index.php/s/Mun52I4EYKuVldn?path=%2Fimages_thumbnails#/images_thumbnails/bb046562.jpg;BB046562
BB046683;BB046683;Fotothek;Negative;F/4248/2005;Negativ;;"Paulinum, Abbruch der Bibliothek; um 1890.";"Bibliothek;Paulinum";;Person;Vogel, Hermann;Fotograf;Glas;2119;Rp.89.27;1;;"Universität;Kirche;Bildungseinrichtung;Abriß";1890 (um);1885/1895;1885;1895;"Negativ;s/w";13x18;;;;;;;;;;;;;;;;;;https://speicherwolke.uni-leipzig.de/index.php/s/Mun52I4EYKuVldn?path=%2Fimages_thumbnails#/images_thumbnails/bb046683.jpg;BB046683
BB046546;BB046546;Fotothek;Negative;F/3974/2005;Negativ;;"Obstmarkt; Pleißenburg, von der Harkortstraße aus; Hintergrund Thomaskirche; vor 1895.";Pleißenburg;"Obstmarkt;Harkortstraße";Person;Vogel, Hermann;Fotograf;;1458;Rp.89.27;1;;"Befestigungsanlage;Schloß;Straßenzug";1895 (vor);1885/1895;1885;1895;;13x18;;/;;;;;;;;;;;;;;;;https://speicherwolke.uni-leipzig.de/index.php/s/Mun52I4EYKuVldn?path=%2Fimages_thumbnails#/images_thumbnails/bb046546.jpg;BB046546
BB046526;BB046526;Fotothek;Negative;F/3860/2005;Negativ;;"König Johann-Straße Nr. 12, Haus Braune; um 1900.";Haus Braune;König-Johann-Straße 12;Person;Vogel, Hermann;Fotograf;Glas;1331;Rp.89.27;1;;Villa;1900 (um);1895/1905;1895;1905;"Negativ;s/w";13x18;;/;;;;;;;;;;;;;;;;https://speicherwolke.uni-leipzig.de/index.php/s/Mun52I4EYKuVldn?path=%2Fimages_thumbnails#/images_thumbnails/bb046526.jpg;BB046526
BB046388;BB046388;Fotothek;Negative;F/3748/2005;Negativ;;"Brühl, Ecke Plauensche Straße; Café Gesswein, um 1910.";Café Gesswein;Brühl;Person;Vogel, Hermann;Fotograf;Glas;1213;Rp.89.27;1;;Gaststätte;1910 (um);1905/1915;1905;1915;"Negativ;s/w";13x18;;;;;;;;;;;;;;;;;;https://speicherwolke.uni-leipzig.de/index.php/s/Mun52I4EYKuVldn?path=%2Fimages_thumbnails#/images_thumbnails/bb046388.jpg;BB046388
BB046554;BB046554;Fotothek;Negative;F/3983/2005;Negativ;;"Markt, Altes Rathaus und Wochenmarkt, Hintergrund Alte Waage; um 1890.";"Rathaus, Altes;Waage, Alte";Markt;Person;Vogel, Hermann;Fotograf;Glas;1464c;Rp.89.27;1;;"Platz;Rathaus;Geschäftshaus";1890 (um);1885/1895;1885;1895;"Negativ;s/w";18x13;;/;;;;;;;;;;;;;;;;https://speicherwolke.uni-leipzig.de/index.php/s/Mun52I4EYKuVldn?path=%2Fimages_thumbnails#/images_thumbnails/bb046554.jpg;BB046554
BB046679;BB046679;Fotothek;Negative;F/4395/2005;Negativ;;"Johannisgasse Nr. 21-31, u.a. mit Musikalienhandlung J.D. Wünsch und Wäscherolle Voigtländer; um 1890.";"Wäscherolle Voigtländer;Musikalienhandlung; Wünsch, J.D.";Johannisgasse 21-31;Person;Vogel, Hermann;Fotograf;Glas;2120;Rp.89.27;1;;"Bauensemble;Laden;Gewerbebetrieb";1890 (um);1885/1895;1885;1895;"Negativ;s/w";13x18;;;;;;;;;;;;;;;;;;https://speicherwolke.uni-leipzig.de/index.php/s/Mun52I4EYKuVldn?path=%2Fimages_thumbnails#/images_thumbnails/bb046679.jpg;BB046679
S0001732;S0001732;Fotothek;Positive;613/31;Fotografie;Graphik-Photographie » Photographie » Fotografie;Die Baustelle des Neuen Rathauses zwischen Rathausring und Burgplatz. Blick vom Rathausring nach Norden auf den Burgplatz.;"Pleissenburg, Turm;Rathaus, Neues (im Bau);Thomaskirche;Loge Minerva zu den drei Palmen";Rathausring;Werkstatt;Vogel, Hermann;Fotograf;Papier;;Rp.43/1923;;;;1899;1899/1899;1899;1899;;17,5 x 23 cm;Turm;;Bau Neues Rathaus;;;;;;;;;;;;;;Stadtansicht;https://speicherwolke.uni-leipzig.de/index.php/s/Mun52I4EYKuVldn?path=%2Fimages_thumbnails#/images_thumbnails/S0001732.jpg;S0001732
